entry	level	loc	authority	extract_lines	rust_home	callees	note
e001_PaddingFormType	0	27	dsc/dims.h:94	94-120	schedule/ddc/transformation_util.rs:187		ALREADY PORTED as PaddingForm — a newtype over BTreeMap<PrimaryDim, PadType>, and PaddingFormType::getPadding is PaddingForm::padding at :192. DO NOT RE-PORT and DO NOT create a second type. Add the /// Replaces: e001_PaddingFormType anchor at :187 and nothing else. It is listed as a unit only because DataStructDims (e006) reads it and an agent who cannot find it invents one.
e002_DimPaddingSizes	0	13	dsc/dims.h:134	134-146	schedule/ddc/v1.rs:1358		ALREADY PORTED as PaddingSizes. ⚠ l3/dsc.rs:933 carries a SECOND reduction of the same C++ struct, narrowed to what voidPaddingIfChunking needs. Two homes for one C++ type — audit which one each caller reads before adding a field to either, and say in the report whether they must merge.
e003_SymbolicDimInfo	0	8	dsc/dims.h:148	148-155	schedule/l3/dsc.rs:989		ALREADY PORTED. MEASURED: symbolicDimInfo_ is empty on every data stage of all 187 g0 reference exports, so every consumer is the identity today — that is a measurement on a 187-program SAMPLE of 24,363, not a proof. Do not delete an arm because the sample never reached it.
e004_FailedAlloc	0	6	ddc/ddc_metadata.h:24	24-29	schedule/ddc/metadata.rs		GENUINELY ABSENT — no Rust counterpart under any name (checked FailedAlloc and Failed*). 6 lines. ⚠ AND NOT A MEMBER OF Metadata: `struct Metadata`'s body has ZERO references to FailedAlloc (measured, not assumed — an earlier draft of this row claimed it was Metadata's failure record and that was wrong). FIND ITS REAL CONSUMER in the authority tree before porting it, and name that consumer in the report; a type with no caller is dead code.
e005_CoordinateType	0	365	dsc/dsc2.h:76	76-440	schedule/dsc2.rs:188		ALREADY PORTED as Coordinate, with CoordinateCategory, AllocCoordinates and ComputeCoordinates beside it. 365 C++ lines against a much smaller Rust type: the gap is arms, not fields. ⛔ getCoordinateCategoryOfPos (dsc/dsc2.h:153) is OUT OF SCOPE — reached only from the deferred ELEM_ARR_COORD fold walk (dsc/dsc2.cpp:3833-3877) and it lands with that arm.
e006_DataStructDims	1	146	dsc/dims.h:158	158-303	schedule/l3/dsc.rs:1151	e001,e002,e003	⭐ 28 C++ fields, 8 CARRIED, 20 MISSING. Ported as StageDims. ⛔ StageDims IS DECLARED TWICE — l3/dsc.rs:1151 and ddc/transformation_util.rs:423 (the latter generic over <D>). Fix the home before adding fields; a field added to the wrong one is invisible to half the callers. ⚠ A NEGATIVE EXTENT IS THIS TYPE'S UNSET -1 (dims.h:162-193), NOT a refusal — ddc/v1.rs:794 records that. zi_/zj_/si_/sj_/r_/c_ are UNSPELLABLE as PrimaryDim exactly as StageDims::compound already documents: DEFER each with its citation, never drop it.
e007_DataInfo	0	33	dsc/dsc2.h:721	721-753	schedule/dsc2.rs:348		ALREADY PORTED. Verify field parity and anchor; it is a leaf that TransferNode and ComputeNode both read.
e008_TransferPadInfo	0	58	dsc/dsc2.h:755	755-812	schedule/dsc2.rs:1114		ALREADY PORTED as TransferPadding — TransferNode::paddingInfo_ (dsc/dsc2.h:836). Verify parity; do not create a second type.
e009_ScheduleNode	1	81	dsc/dsc2.h:444	444-524	schedule/dsc2.rs (NEW)	e005,e007	⛔⛔ THE LOAD-BEARING UNIT OF THIS CAMPAIGN. 13 C++ fields, ZERO CARRIED, AND NO RUST TYPE EXISTS — the only Rust `ScheduleNode` is an UNRELATED enum at bridges/superdsc_to_dataflow_ir/shape_constraints.rs:676. C++ has every node inherit this base (TransferNode : InheritWithClone<ScheduleNode, TransferNode>); the port FLATTENED it into five sibling structs. EIGHT of the 13 have ZERO mentions anywhere in schedule/dsc2.rs: outerLoops_ prev_ loop_ compositeLoops_ relevantComps_ elemOffset_ sizeIdx_ sizesWithGaps_. ⭐ outerLoops_/prev_/loop_ ARE THE TREE'S PARENT AND SIBLING LINKS, which is why stages/ddc_store.rs's ancestry(), ddc_store2.rs's producer_loops() and ddc_state.rs's relevant_comps() are todo!(): the question is UNANSWERABLE, not unported. Carry these fields and those three stubs answer. Rust has no inheritance — decide ONE shape (a shared `NodeBase` field on each of the five, or an enum over a common struct) and say which in the report; do NOT duplicate 13 fields five times.
e010_BlockNode	2	36	dsc/dsc2.h:526	526-561	schedule/dsc2.rs:1326	e009	ALREADY PORTED. Its VectorOfChildren (dsc/dsc2.h:529) is the child list — the other half of the tree structure e009 carries the parent half of. Verify the child links exist and are not a second arena.
e011_LoopNode	3	57	dsc/dsc2.h:563	563-619	schedule/dsc2.rs:1385	e009,e010	8 C++ fields, 5 CARRIED, 3 MISSING. ⛔ LoopNode IS DECLARED TWICE — schedule/dsc2.rs:1385 and schedule/ddc/transformation_util.rs:521. Resolve the home first, same as e006.
e012_ConditionNode	3	35	dsc/dsc2.h:685	685-719	schedule/dsc2.rs:1551	e009,e010	3 C++ fields, 2 CARRIED, 1 MISSING. LoopCond (dsc/dsc2.h:654) and LoopCondComposite (:675) are its value types — check both are ported before pricing the gap.
e013_SyncNode	2	9	dsc/dsc2.h:964	964-972	schedule/dsc2.rs:1465	e009	✅ 5 of 5 FIELDS ALREADY CARRIED — the ONLY type in this campaign at parity. Verify and anchor; port nothing. It is the control that proves the measurement method works: if a re-measure says SyncNode is short, the measurement is broken, not the tree.
e014_TransferNode	2	85	dsc/dsc2.h:814	814-898	schedule/dsc2.rs:1215	e007,e008,e009	⭐ 26 C++ fields, 9 CARRIED, 17 MISSING: coreletViews_ dstIndirectLoopsAndSizes_ dstReps_ dstSizeIdx_ lastFusableParentLoopDst_ lastFusableParentLoopSrc_ locIndirect_ repetition_ and more — open each citation. ⛔ getTransferType NEVER TOUCHES constantInfo_, whatever a prior stub message says.
e015_ComputeNode	2	63	dsc/dsc2.h:900	900-962	schedule/dsc2.rs:1036	e007,e009	⭐ 22 C++ fields, 8 CARRIED, 14 MISSING: computeMaskLoopOffsets_ coreletViews_ forInputs_ forOutputs_ indices_ inputCoordinates_ inputsLoopsAndSizes_ isOpaqueOp_ loopEleOffsets_ and more. isOpaqueOp_ is what stages/ddc_store2.rs's is_opaque() cannot answer; RepetitionWithOffset (dsc/dsc2.h:950) is what its output_repetitions() cannot.
e016_ScheduleTree	4	32	dsc/dsc2.h:621	621-652	schedule/dsc2.rs:1903	e009,e011	MEASURED EDGES from its own class body: ScheduleNode x8, LoopNode x3, BlockNode ZERO (an earlier draft said e010). 2 C++ fields, ZERO CARRIED. ⛔⛔ AND THIS TYPE IS WHERE THE "TWO HOMES" DEFECT LIVES — the scheduled tree has been written to DscState.tree while the bake lowered SuperDsc.scheduleTree_. DesignSpaceConfig::scheduleTree_ (e018, NOT e017 — e017 is Metadata) must BE this type, not a copy of it. A port that leaves two trees leaves the bug.
e017_Metadata	0	209	ddc/ddc_metadata.h:31	31-239	schedule/ddc/metadata.rs:919		⭐ LEVEL 0 — INDEPENDENT, measured: `struct Metadata`'s body references FailedAlloc, DataStructDims and PrimaryDimAndKind ZERO times each. It is scheduled beside e018 only because the two are the widest types in the campaign (41 and 49 fields), not because it depends on anything here. ⭐ 41 C++ fields, 18 CARRIED, 23 MISSING: accessPatternPerDim_ allocate_ allowEpilogue_ cannotBeSymbolic_ constraints_ consumers_ inOutRegAllocs_ internalRegAlloc_ internalRegs_ and more. Its nested Datastage/Constraints/DataTransfer/Allocation/ExternalTransfer/DataConnect/OpaqueOp structs are part of this unit. metadata.dataConnects_.at() is what stages/ddc_store2.rs's connect_consumers() cannot answer.
e018_DesignSpaceConfig	5	650	dsc/designSpaceConfig.h:51	51-700	schedule/l3/dsc.rs:515	e001,e006,e016	⭐⭐ MEASURED EDGES, from its own class body: DataStructDims x15, DataStage x3, ScheduleTree x1, ConstantInfo x1, PaddingFormType x1 — and Metadata ZERO, so it does NOT depend on e017 (an earlier draft of this row said it did). ⛔⛔ THIS UNIT HAS FAILED TWICE AND BOTH TIMES THE AGENT INVENTED TYPES THAT DO NOT EXIST: `DscInputs`, `DscDims`, `dsc_names` have ZERO hits tree-wide, and `full_padding` is not a field of DesignSpaceConfig. ⛔ INTRODUCE NO TYPE OR FIELD NAME THAT IS NOT EITHER ALREADY IN crates/compiler/deeptools/src OR DECLARED IN crustify-types/cpp/designSpaceConfig.h. If a field's C++ type has no Rust counterpart yet, that is a DEFERRED unit citing its line — not a name you make up. ⭐ ADD THE FIELDS IN GROUPS OF ~6 AND RUN `cargo check -p deeptools` BETWEEN GROUPS; 27 fields at once on the crate's most-referenced type is what defeated both earlier attempts. ⭐ THE 27 MISSING FIELDS, EACH WITH ITS DECLARATION LINE IN dsc/designSpaceConfig.h — port these and nothing else: name_ (:72) numCoresUsed_ (:73) dimToSymbolMapping_ (:77) unpadN_ (:82) dscN_ (:83) computeOp_ (:89) constantInfo_ (:90) pdsRelation_ (:94) ChipD_ (:95) ChipletD_ (:96) coordinateMasking_ (:100) maskingConstId_ (:101) B_ (:106) T_ (:107) Tel_ (:108) P_ (:109) Pel_ (:110) sc_ (:111) loopOrder_ (:112) loopProperties_ (:113) auxLoopOrder_ (:114) scheduleTree_ (:115) l0TetheredMode_ (:117) pcfg_ (:120) target_ (:121) ptr_ (:130) size_ (:131). ⚠ pcfg_ (:120) IS OFF OUR PATH — DCG/PCFG was decided out of scope 2026-09-09, so DEFER it with that citation rather than porting it. ⭐⭐ 36 DECLARED fields, 9 CARRIED, 27 MISSING — the biggest single gap in the crate. (An earlier note said 49/40: that denominator counted member ACCESSES in the class's own method bodies — `&N_.i_` at :618, `primaryDsInfo_.at(..).stickDimOrder_` at :242 — which are nested types' fields, not this one's.) The load-bearing absences, each with NO documented narrowing: loopOrder_ auxLoopOrder_ loopProperties_ pdsRelation_ unpadN_ dscN_ — and bridge 1's acceptance criterion is that the tree GAINS LOOP NODES, which cannot be derived with the loop order carried nowhere. ⚠ THREE of the 40 are carried ELSEWHERE and that IS the defect, not a mitigation: scheduleTree_ (see e016), name_ (designSpaceConfig.h:60) and computeOp_ are handed to stages/ddc_state.rs as CONSTRUCTION ARGUMENTS because "l3::dsc does not carry" them — its own header says so. Carrying them here is what lets run_v1 stop cloning currDsc. ⚠ Some of the 40 ARE the documented StageDims::compound narrowing (zi_/zj_/si_/sj_/r_/c_) — DEFER those with citations; do not count them as ported and do not drop them.
